Record ID,Child Name (Entry 1),Child Name (Entry 2),DOB (Entry 1),DOB (Entry 2),Phone (Entry 1),Phone (Entry 2)
REC-0028,Terkimbi Momoh,Terkimbi Momoh,2026-04-24,2026-04-24,08109085380,08109085380
REC-0013,Chinedu Suleiman,Chinedu Suleiman,2026-07-24,2026-07-24,08034907418,08034907418
REC-0010,Peter Audu,Peter Audu,2026-05-28,2026-05-28,08139529207,08139529207
REC-0038,Daniel Iyaji,Daniel Iyaju,2026-07-30,2026-07-30,09068619307,09068619307
REC-0067,Chukwudi Ojo,Chukwudi Ojo,2026-05-14,2026-05-14,08030748514,08030748154
REC-0058,Ismail Ogbu,Ismail Ogbu,2026-05-11,2026-05-11,08162840934,08162840934
REC-0110,Ohiare Ojo,Ohiare Ojo,2026-08-04,2026-08-04,08104072075,08104072075
REC-0008,Ahmed Terver,Ahmed Terver,2026-07-18,2026-07-18,08157615141,08157615141
REC-0115,Aisha Sule,Aisha Sule,2026-09-11,2026-09-11,08159585190,08155985190
REC-0117,Ibrahim Tor,Ibrahim Tor,2026-07-11,2025-07-11,08155183801,08155183801
REC-0106,Ahmed Iyaji,Ahme Iyaji,2026-08-01,2026-08-01,09068413301,09068413301
REC-0098,Grace Suleiman,Grace Suleiman,2026-09-10,2026-09-10,08104420146,08104420146
REC-0012,Ene Iyaji,Ene Iyaji,2026-04-14,2026-04-14,08158178057,08158178057
REC-0057,Yakubu Okeke,Yakubu Okeke,2026-06-04,2026-04-06,08056439725,08056439725
REC-0065,Grace Tor,Grace Tor,2026-05-09,2026-05-09,08165213629,08165213679
REC-0052,Abdullahi Adamu,Abdullahi Adamu,2026-06-03,2026-06-03,07039908541,07039908541
REC-0014,Grace Adejoh,Grace Adejoh,2026-04-10,2026-10-04,08167027186,08167027186
REC-0059,Rakiya Yusuf,Rakiya Yusuf,2026-07-02,2026-07-02,08062417264,08062417264
REC-0018,Halima Eze,Halima Ezu,2026-05-07,2026-05-07,09068656114,09068656114
REC-0022,Tersoo Shaibu,Tersoo Shaibu,2026-06-11,2026-06-11,08069945699,08069945699
REC-0099,Hauwa Iyaji,Hauwa Iyajie,2026-07-30,2026-07-30,08038244560,08038244590
REC-0061,Zainab Adamu,Zainab Adamu,2026-06-04,2026-06-04,08102059972,08102059972
REC-0095,Hauwa Ibrahim,Hauwa Ibrahim,2026-09-11,2026-09-11,08150521854,08150221854
REC-0020,Nneka Iyaji,Nneka Iyaji,2026-06-12,2026-06-12,09068361520,09068361520
REC-0064,Samuel Akpan,Samuel Akpan,2026-05-17,2026-05-17,09023927319,09023927319
REC-0042,Ibrahim Ojo,Ibrahim Ojo,2026-06-25,2026-06-25,09065424276,09065424276
REC-0085,Grace Iyaji,Grace Iyaji,2026-07-21,2026-07-21,07038350811,07038350811
REC-0101,Ibrahim Shaibu,Ibrahi Shaibu,2026-07-31,2026-07-31,07039871689,07039871689
REC-0076,Ohiare Ugwu,Ohiare Ugwu,2026-06-20,2026-06-12,08033703826,08033703826
REC-0046,Salamatu Iyaji,Salamatu Iyaji,2026-06-02,2026-06-02,08092422042,08092422042
