Record ID,Submission Date,State,Facility,Health Worker ID,Child Name,Child DOB,Sex,Caregiver Phone,Vaccine Received,Vaccine Date,Next Appointment,Photo Status
REC-0001,2026-07-20,Nasarawa,Lafia Urban PHC,HW-106,Nneka Aondo,2026-06-07,F,08102761138,Penta 1,2026-07-20,2026-08-17,Clear
REC-0002,2026-07-20,Nasarawa,Keffi Ward PHC,HW-107,Ahmed Ugwu,2026-05-07,M,08136347892,Penta 2,2026-07-20,2026-08-17,Clear
REC-0003,2026-07-22,Benue,Gboko East PHC,HW-111,Aisha Abubakar,2026-06-01,F,09020392733,Penta 1,2026-08-12,2026-08-19,Clear
REC-0004,2026-07-23,Kogi,Okene Ward PHC,HW-104,Joseph Suleiman,2026-05-12,M,08092791372,Penta 2,2026-07-21,2026-08-18,Blurry
REC-0005,2026-07-23,Nasarawa,Keffi Ward PHC,HW-107,Ohiare Yusuf,2026-05-28,M,07O35470567,Penta 1,2026-07-21,2026-08-18,Clear
REC-0006,2026-07-25,Benue,Gboko East PHC,HW-111,Daniel Sule,2026-05-06,M,07036953896,Penta 2,2026-07-21,2026-08-18,Clear
REC-0007,2026-07-26,Kogi,Lokoja Central PHC,HW-101,Yakubu Ocheme,2026-06-06,M,09026452912,Penta 1,2026-07-22,2026-08-19,Clear
REC-0008,2026-07-26,Kogi,Lokoja Central PHC,HW-101,Ahmed Terver,2026-07-18,M,08157615141,BCG,2026-07-25,2026-08-29,Clear
REC-0009,2026-07-27,Nasarawa,Keffi Ward PHC,HW-107,Amina Ogbu,2026-04-15,F,08069815247,Penta 3,2026-07-22,2027-01-14,Clear
REC-0010,2026-07-28,Benue,Makurdi North PHC,HW-110,Peter Audu,2026-05-28,M,08139529207,Penta 1,2026-07-23,2026-08-20,Clear
REC-0011,2026-07-29,Benue,Makurdi North PHC,HW-109,Ene Suleiman,2026-07-24,F,09O29169797,BCG,2026-07-25,2026-09-04,Clear
REC-0012,2026-07-29,Nasarawa,Lafia Urban PHC,HW-106,Ene Iyaji,2026-04-14,F,08158178057,Penta 3,2026-07-24,2027-01-13,Clear
REC-0013,2026-07-29,Kogi,Okene Ward PHC,HW-104,Chinedu Suleiman,2026-07-24,M,08034907418,BCG,2026-07-28,2026-09-04,Clear
REC-0014,2026-07-29,Kogi,Okene Ward PHC,HW-103,Grace Adejoh,2026-04-10,F,08167027186,Penta 3,2026-07-28,2027-01-09,Clear
REC-0015,2026-07-30,Nasarawa,Keffi Ward PHC,HW-108,Nneka Momoh,2026-06-06,F,09025136270,Penta 1,2026-07-28,2026-08-25,Clear
REC-0016,2026-07-31,Nasarawa,Keffi Ward PHC,HW-107,Ahmed Adejoh,,,,Penta 1,2026-07-28,2026-08-25,Clear
REC-0017,2026-07-31,Nasarawa,Lafia Urban PHC,HW-106,Grace Momoh,2026-06-11,F,08163496770,Penta 1,2026-07-30,2026-08-27,Cropped
REC-0018,2026-07-31,Nasarawa,Lafia Urban PHC,HW-105,Halima Eze,2026-05-07,F,09068656114,Penta 2,2026-07-28,2026-08-25,Clear
REC-0019,2026-08-01,Nasarawa,Lafia Urban PHC,HW-105,Hauwa Tor,2026-06-12,F,08060591483,Penta 1,2026-07-29,2026-08-26,Clear
REC-0020,2026-08-02,Kogi,Lokoja Central PHC,HW-102,Nneka Iyaji,2026-06-12,F,09068361520,Penta 1,2026-07-28,2026-08-25,Clear
REC-0021,2026-08-03,Kogi,Lokoja Central PHC,HW-102,Anyebe Akpan,2026-05-10,M,7019869879,Penta 2,2026-08-02,2026-08-30,Clear
REC-0022,2026-08-03,Nasarawa,Lafia Urban PHC,HW-105,Tersoo Shaibu,2026-06-11,M,08069945699,Penta 1,2026-07-29,2026-08-26,Clear
REC-0023,2026-08-04,Benue,Makurdi North PHC,HW-109,Ahmed Shaibu,2026-05-09,M,8096114635,Penta 2,2026-08-01,2026-08-29,Clear
REC-0024,2026-08-05,Nasarawa,Keffi Ward PHC,HW-107,Ibrahim Yusuf,2026-06-11,M,08098196727,Penta 1,2026-08-05,2026-09-02,Blurry
REC-0025,2026-08-05,Benue,Makurdi North PHC,HW-109,Mercy Aondo,2026-05-15,F,8096252807,Penta 2,2026-07-31,2026-08-28,Clear
REC-0026,2026-08-05,Kogi,Lokoja Central PHC,HW-102,Samuel Ocheme,2026-06-06,M,07032107617,Penta 1,2026-08-01,2026-08-29,Clear
REC-0027,2026-08-05,Nasarawa,Keffi Ward PHC,HW-107,Aisha Iyaji,2026-05-25,F,09020169298,Penta 2,2026-08-05,2026-09-02,Clear
REC-0028,2026-08-07,Benue,Gboko East PHC,HW-112,Terkimbi Momoh,2026-04-24,M,08109085380,Penta 3,2026-08-04,2027-01-23,Clear
REC-0029,2026-08-08,Kogi,Okene Ward PHC,HW-104,Ojoma Umar,2026-07-28,F,09060853470,BCG,2026-08-06,2026-09-08,Glare
REC-0030,2026-08-08,Benue,Gboko East PHC,HW-112,Ojoma Okeke,2026-06-15,F,07018704151,Penta 1,2026-08-04,2026-09-01,Clear
REC-0031,2026-08-08,Benue,Gboko East PHC,HW-111,Zainab Ojo,2026-05-11,F,08132238637,Penta 2,2026-08-03,,Clear
REC-0032,2026-08-09,Kogi,Okene Ward PHC,HW-103,Ene Ogbu,,F,08159677500,Penta 2,2026-08-05,2026-09-02,Clear
REC-0033,2026-08-09,Benue,Makurdi North PHC,HW-110,Ngozi Audu,2026-04-24,F,08038129770,Penta 3,2026-08-06,2027-01-23,Clear
REC-0034,2026-08-10,Benue,Makurdi North PHC,HW-110,Emeka Danjuma,2026-05-16,,08058662836,Penta 2,2026-08-06,2026-09-03,Clear
REC-0035,2026-08-10,Benue,Makurdi North PHC,HW-109,Salamatu Eze,2026-06-22,F,08O35129837,Penta 1,2026-08-10,2026-09-07,Clear
REC-0036,2026-08-11,Benue,Makurdi North PHC,HW-109,Ene Ibrahim,2026-06-24,F,7015680801,Penta 1,2026-08-11,2026-09-08,Clear
REC-0037,2026-08-12,Kogi,Lokoja Central PHC,HW-101,Emeka Ojo,2026-06-18,M,08162157116,Penta 1,2026-08-08,2026-09-05,Clear
REC-0038,2026-08-13,Benue,Gboko East PHC,HW-111,Daniel Iyaji,2026-07-30,M,09068619307,BCG,2026-08-11,2026-09-10,Clear
REC-0039,2026-08-13,Benue,Gboko East PHC,HW-111,Ngozi Ibrahim,2026-05-31,F,09065272202,Penta 2,2026-08-11,2026-09-08,Clear
REC-0040,2026-08-13,Benue,Gboko East PHC,HW-112,Ohiare Abubakar,2026-07-31,M,07036323373,BCG,2026-08-13,2026-09-11,Clear
REC-0041,2026-08-13,Benue,Makurdi North PHC,HW-109,Ojoma Tor,,F,08061660330,Penta 2,2026-08-10,2026-09-07,Clear
REC-0042,2026-08-13,Nasarawa,Keffi Ward PHC,HW-108,Ibrahim Ojo,2026-06-25,M,09065424276,Penta 1,2026-08-10,2026-09-07,Clear
REC-0043,2026-08-14,Benue,Gboko East PHC,HW-111,Salamatu Ocheme,2026-08-06,F,07038616425,BCG,2026-08-12,2026-09-17,Clear
REC-0044,2026-08-14,Kogi,Okene Ward PHC,HW-104,Favour Danjuma,2026-06-18,F,08032582201,Penta 1,2026-08-10,2026-09-07,Clear
REC-0045,2026-08-15,Kogi,Okene Ward PHC,HW-104,Ngozi Suleiman,2026-08-15,F,08052637167,BCG,2026-08-15,2026-09-26,Clear
REC-0046,2026-08-15,Nasarawa,Keffi Ward PHC,HW-107,Salamatu Iyaji,2026-06-02,F,08092422042,Penta 2,2026-08-11,2026-09-08,Clear
REC-0047,2026-08-16,Nasarawa,Keffi Ward PHC,HW-108,Ibrahim Ojo,2026-06-25,M,09065424276,Penta 1,2026-08-10,2026-09-07,Blurry
REC-0048,2026-08-17,Benue,Gboko East PHC,HW-111,Salamatu Ocheme,2026-08-06,F,07038616425,BCG,2026-08-12,2026-09-17,Clear
REC-0049,2026-08-18,Nasarawa,Keffi Ward PHC,HW-108,Fatima Shaibu,2026-06-22,F,08057967252,Penta 1,2026-08-16,2026-09-13,Clear
REC-0050,2026-08-19,Benue,Gboko East PHC,HW-111,Anyebe Umar,2026-06-29,M,09027876804,Penta 1,2026-08-14,,Clear
REC-0051,2026-08-19,Kogi,Okene Ward PHC,HW-103,Blessing Ibrahim,2026-05-09,F,09024664323,Penta 3,2026-08-16,2027-02-07,Clear
REC-0052,2026-08-20,Nasarawa,Lafia Urban PHC,HW-106,Abdullahi Adamu,2026-06-03,M,07039908541,Penta 2,2026-08-17,2026-09-14,Clear
REC-0053,2026-08-21,Kogi,Okene Ward PHC,HW-103,Yakubu Audu,2026-08-15,M,08031304118,BCG,2026-08-21,2026-09-26,Clear
REC-0054,2026-08-21,Kogi,Lokoja Central PHC,HW-102,Ismail Ocheme,2026-05-30,M,09063419082,Penta 2,2026-08-21,2026-09-18,Clear
REC-0055,2026-08-22,Nasarawa,Lafia Urban PHC,HW-106,Yakubu Sule,2026-07-10,M,08160132059,Penta 1,2026-08-21,2026-09-18,Clear
REC-0056,2026-08-24,Benue,Gboko East PHC,HW-112,Peter Shaibu,2026-05-07,M,08154887663,Penta 3,2026-08-21,2027-02-05,Clear
REC-0057,2026-08-24,Kogi,Okene Ward PHC,HW-103,Yakubu Okeke,2026-06-04,M,08056439725,Penta 2,2026-08-21,2026-09-18,Clear
REC-0058,2026-08-25,Benue,Makurdi North PHC,HW-109,Ismail Ogbu,2026-05-11,M,08162840934,Penta 3,2026-08-22,2027-02-09,Clear
REC-0059,2026-08-26,Benue,Makurdi North PHC,HW-109,Rakiya Yusuf,2026-07-02,F,08062417264,Penta 1,2026-08-21,2026-09-18,Clear
REC-0060,2026-08-27,Benue,Gboko East PHC,HW-111,Fatima Suleiman,2026-07-09,F,08091083949,Penta 1,2026-08-22,2026-09-19,Clear
REC-0061,2026-08-28,Kogi,Lokoja Central PHC,HW-102,Zainab Adamu,2026-06-04,F,08102059972,Penta 2,2026-08-23,2026-09-20,Clear
REC-0062,2026-08-28,Nasarawa,Keffi Ward PHC,HW-108,Peter Terver,2026-08-17,M,07018584638,BCG,2026-08-28,2026-09-28,Blurry
REC-0063,2026-08-28,Kogi,Okene Ward PHC,HW-104,Ohiare Aondo,2026-07-12,M,08052947478,Penta 1,2026-08-23,2026-09-20,Blurry
REC-0064,2026-08-29,Kogi,Okene Ward PHC,HW-104,Samuel Akpan,2026-05-17,M,09023927319,Penta 3,2026-08-29,2027-02-15,Clear
REC-0065,2026-08-29,Benue,Makurdi North PHC,HW-109,Grace Tor,2026-05-09,F,08165213629,Penta 3,2026-08-26,2027-02-07,Clear
REC-0066,2026-08-30,Kogi,Lokoja Central PHC,HW-102,Blessing Akpan,2026-07-16,F,07012566636,Penta 1,2026-08-27,2026-09-24,Clear
REC-0067,2026-08-30,Benue,Makurdi North PHC,HW-110,Chukwudi Ojo,2026-05-14,M,08030748514,Penta 3,2026-08-25,2027-02-12,Clear
REC-0068,2026-08-31,Kogi,Lokoja Central PHC,HW-102,Blessing Abubakar,2026-06-17,F,,Penta 2,2026-08-28,2026-09-25,Clear
REC-0069,2026-08-31,Benue,Makurdi North PHC,HW-109,Aisha Eze,2026-07-17,F,09028658930,Penta 1,2026-08-29,2026-09-26,Clear
REC-0070,2026-08-31,Benue,Makurdi North PHC,HW-109,Ismail Abubakar,2026-06-17,M,08O66103022,Penta 2,2026-08-30,2026-08-26,Clear
REC-0071,2026-08-31,Kogi,Okene Ward PHC,HW-104,Ohiare Aondo,2026-07-12,M,08052947478,Penta 1,2026-08-23,2026-09-20,Blurry
REC-0072,2026-09-01,Kogi,Lokoja Central PHC,HW-102,Ibrahim Terver,,,,Penta 1,2026-08-29,2026-09-26,Clear
REC-0073,2026-09-01,Kogi,Okene Ward PHC,HW-103,Yakubu Eze,2026-05-19,M,08052843528,Penta 3,2026-08-29,2027-02-17,Clear
REC-0074,2026-09-02,Benue,Gboko East PHC,HW-112,Ahmed Ojo,2026-06-09,M,09028971331,Penta 2,2026-08-28,2026-09-25,Clear
REC-0075,2026-09-02,Kogi,Lokoja Central PHC,HW-102,Blessing Akpan,2026-07-16,F,07012566636,Penta 1,2026-08-27,2026-09-24,Clear
REC-0076,2026-09-03,Benue,Makurdi North PHC,HW-109,Ohiare Ugwu,2026-06-20,M,08033703826,Penta 2,2026-08-29,2026-09-26,Clear
REC-0077,2026-09-03,Benue,Gboko East PHC,HW-111,Usman Abubakar,2026-06-12,M,08101788365,Penta 2,2026-08-31,2026-09-28,Clear
REC-0078,2026-09-03,Kogi,Lokoja Central PHC,HW-102,Aisha Tor,2026-06-12,F,08091566979,Penta 2,2026-09-01,2026-09-29,Clear
REC-0079,2026-09-03,Benue,Gboko East PHC,HW-111,Chukwudi Okeke,2026-06-10,M,08168488568,Penta 2,2026-09-01,2026-09-29,Clear
REC-0080,2026-09-04,Kogi,Okene Ward PHC,HW-103,Ene Shaibu,2026-07-14,F,07038983298,Penta 1,2026-08-30,2026-09-27,Clear
REC-0081,2026-09-06,Nasarawa,Keffi Ward PHC,HW-108,Tersoo Ogbu,2026-06-15,M,07015111744,Penta 2,2026-09-03,2026-10-01,Clear
REC-0082,2026-09-06,Benue,Makurdi North PHC,HW-109,Musa Audu,2026-07-12,M,07018997453,Penta 1,2026-09-05,2026-10-03,Clear
REC-0083,2026-09-08,Benue,Gboko East PHC,HW-111,Aisha Ojo,2026-05-20,F,07018319489,Penta 3,2026-09-03,2027-02-18,Clear
REC-0084,2026-09-08,Kogi,Okene Ward PHC,HW-104,Chinedu Ogbu,2026-07-21,M,08160066817,Penta 1,2026-09-08,2026-10-06,Blurry
REC-0085,2026-09-09,Kogi,Lokoja Central PHC,HW-102,Grace Iyaji,2026-07-21,F,07038350811,Penta 1,2026-09-08,2026-10-06,Clear
REC-0086,2026-09-09,Kogi,Okene Ward PHC,HW-104,Blessing Eze,2026-05-23,F,08096378276,Penta 3,2026-09-07,2027-02-21,Blurry
REC-0087,2026-09-10,Nasarawa,Lafia Urban PHC,HW-105,Terkimbi Tor,2026-06-19,M,08098847918,Penta 2,2026-09-10,2026-10-08,Glare
REC-0088,2026-09-10,Kogi,Okene Ward PHC,HW-104,Chinedu Ogbu,2026-07-21,M,08160066817,Penta 1,2026-09-08,2026-10-06,Clear
REC-0089,2026-09-11,Benue,Makurdi North PHC,HW-109,Salamatu Adamu,2026-09-02,F,08054093244,BCG,2026-09-07,2026-10-14,Clear
REC-0090,2026-09-11,Benue,Makurdi North PHC,HW-109,Mercy Ocheme,2026-09-08,F,08091119602,BCG,2026-09-11,2026-10-20,Clear
REC-0091,2026-09-11,Benue,Makurdi North PHC,HW-110,Mercy Umar,2026-05-27,F,08104850663,Penta 3,2026-09-09,2027-02-25,Clear
REC-0092,2026-09-11,Nasarawa,Keffi Ward PHC,HW-108,Favour Adamu,2026-07-26,F,08102606450,Penta 1,2026-09-09,2026-10-07,Missing
REC-0093,2026-09-11,Benue,Gboko East PHC,HW-111,Aisha Ojo,2026-05-20,F,07018319489,Penta 3,2026-09-03,2027-02-18,Blurry
REC-0094,2026-09-12,Nasarawa,Lafia Urban PHC,HW-105,Daniel Ameh,2026-09-10,M,07034333879,BCG,2026-09-10,2026-10-22,Clear
REC-0095,2026-09-13,Benue,Gboko East PHC,HW-111,Hauwa Ibrahim,2026-09-11,F,08150521854,BCG,2026-09-13,2026-10-23,Clear
REC-0096,2026-09-13,Kogi,Lokoja Central PHC,HW-102,Doosuur Suleiman,2026-07-16,F,08050372056,Penta 1,2026-09-09,2026-10-07,Clear
REC-0097,2026-09-14,Nasarawa,Lafia Urban PHC,HW-105,Daniel Ogbu,2026-07-03,M,07034248296,Penta 2,2026-09-14,2026-10-12,Clear
REC-0098,2026-09-14,Benue,Gboko East PHC,HW-112,Grace Suleiman,2026-09-10,F,08104420146,BCG,2026-09-11,2026-10-22,Clear
REC-0099,2026-09-16,Benue,Gboko East PHC,HW-112,Hauwa Iyaji,2026-07-30,F,08038244560,Penta 1,2026-09-13,2026-10-11,Clear
REC-0100,2026-09-16,Kogi,Okene Ward PHC,HW-104,Amina Audu,2026-09-02,F,09066922713,BCG,2026-09-13,2026-10-14,Clear
REC-0101,2026-09-17,Benue,Gboko East PHC,HW-111,Ibrahim Shaibu,2026-07-31,M,07039871689,Penta 1,2026-09-17,2026-10-15,Clear
REC-0102,2026-09-17,Nasarawa,Lafia Urban PHC,HW-106,Emeka Sule,2026-05-27,M,08094479674,Penta 3,2026-09-14,2027-02-25,Clear
REC-0103,2026-09-17,Kogi,Okene Ward PHC,HW-103,Terkimbi Ibrahim,2026-06-30,M,,Penta 2,2026-09-14,2026-10-12,Clear
REC-0104,2026-09-18,Nasarawa,Keffi Ward PHC,HW-108,Doosuur Momoh,2026-09-05,F,08053854690,BCG,2026-09-17,2026-10-17,Clear
REC-0105,2026-09-18,Kogi,Okene Ward PHC,HW-104,Joseph Iyaji,2026-09-08,M,08103971100,BCG,2026-09-14,2026-10-20,Blurry
REC-0106,2026-09-19,Nasarawa,Keffi Ward PHC,HW-107,Ahmed Iyaji,2026-08-01,M,09068413301,Penta 1,2026-09-19,2026-10-17,Clear
REC-0107,2026-09-19,Benue,Makurdi North PHC,HW-109,Ohiare Tor,2026-07-26,M,09O67943262,Penta 1,2026-09-16,2026-10-14,Clear
REC-0108,2026-09-19,Benue,Makurdi North PHC,HW-109,Ainoko Audu,2026-07-01,F,08132238416,Penta 2,2026-09-17,2026-10-15,Clear
REC-0109,2026-09-22,Nasarawa,Keffi Ward PHC,HW-108,Doosuur Eze,2026-07-03,F,08065846450,Penta 2,2026-09-17,2026-10-15,Clear
REC-0110,2026-09-22,Nasarawa,Keffi Ward PHC,HW-108,Ohiare Ojo,2026-08-04,M,08104072075,Penta 1,2026-09-19,2026-10-17,Clear
REC-0111,2026-09-23,Kogi,Lokoja Central PHC,HW-101,Daniel Abubakar,2026-09-13,M,08057517799,BCG,2026-09-18,2026-10-25,Clear
REC-0112,2026-09-23,Benue,Makurdi North PHC,HW-109,Ohiare Momoh,2026-07-07,M,8133735569,Penta 2,2026-09-21,2026-10-19,Clear
REC-0113,2026-09-23,Benue,Makurdi North PHC,HW-110,Musa Ibrahim,2026-08-05,M,08105013510,Penta 1,2026-09-20,2026-10-18,Clear
REC-0114,2026-09-23,Kogi,Okene Ward PHC,HW-104,Emeka Momoh,2026-07-09,M,08062433516,Penta 2,2026-09-18,2026-10-16,Clear
REC-0115,2026-09-24,Kogi,Lokoja Central PHC,HW-102,Aisha Sule,2026-09-11,F,08159585190,BCG,2026-09-21,2026-10-23,Clear
REC-0116,2026-09-25,Nasarawa,Keffi Ward PHC,HW-107,Ibrahim Umar,2026-08-02,M,08101648078,Penta 1,2026-09-22,2026-10-20,Clear
REC-0117,2026-09-27,Nasarawa,Lafia Urban PHC,HW-105,Ibrahim Tor,2026-07-11,M,08155183801,Penta 2,2026-09-23,2026-10-21,Clear
REC-0118,2026-09-27,Kogi,Okene Ward PHC,HW-104,Ibrahim Adamu,2026-09-18,M,08136239424,BCG,2026-09-25,2026-10-30,Blurry
REC-0119,2026-09-28,Kogi,Okene Ward PHC,HW-104,Mercy Audu,2026-07-06,F,09062104602,Penta 2,2026-09-24,2026-10-22,Blurry
REC-0120,2026-09-28,Benue,Gboko East PHC,HW-112,Tersoo Iyaji,2026-09-20,M,08037002238,BCG,2026-09-25,2026-11-01,Clear
